{"cameraMode":{"drawMode":0,"name":"Shaded","section":"Shading Mode"},"sceneLighting":true,"audioPlay":false,"sceneViewState":{"showFog":true,"showMaterialUpdate":false,"showSkybox":true,"showFlares":true,"showImageEffects":true,"showParticleSystems":true},"in2DMode":false,"pivot":{"x":1.5149046182632447,"y":0.13570594787597657,"z":4.402580261230469},"rotation":{"x":-0.23506423830986024,"y":-0.013998541049659253,"z":0.0033863375429064037,"w":-0.9718731641769409},"size":21.980260848999025,"orthographic":false}